{"diagnostic": {"Suspected Atrial Fibrillation": {"Paroxysmal Atrial Fibrillation": [], "Persistent Atrial Fibrillation": []}}, "knowledge": {"Suspected Atrial Fibrillation": {"Risk Factors": "High blood pressure, Hyperthyroidism, Obesity, Diabetes, Smoking and alcohol consumption, Sleep apnea, Family history, Age, Gender; etc.", "Symptoms": "Palpitations or a feeling that the heart is beating too fast, Fatigue, Shortness of breath, especially during activity, Dizziness or a feeling of fainting, Chest pain, Decreased ability to exercise, Irritability or anxiety, Insomnia; etc."}, "Paroxysmal Atrial Fibrillation": "ECG: Episodes of AF that terminate spontaneously, usually within 7 days, most often within 24 hours. During an episode, the ECG shows absence of P waves, replaced by irregular atrial activity, and irregular R-R intervals\n", "Persistent Atrial Fibrillation": "ECG: AF episodes that last more than 7 days. The ECG features are similar, showing no P waves, irregular atrial activity, and irregular R-R intervals.\n"}}