{"diagnostic": {"Suspected Epilepsy": {"Non-epileptic Seizure": [], "Epilepsy": []}}, "knowledge": {"Suspected Epilepsy": {"Risk Factors": "fever, mental or physical stress, certain medications, excessive alcohol or caffeine intake. Brain Malformations, Genetic Abnormalities: Such as intracranial structural abnormalities, genetic neurodevelopmental disorders. Metabolic Abnormalities: Such as electrolyte imbalances, hypoglycemia. Central Nervous System Infections: Meningitis, encephalitis; etc.", "Symptoms": "Patients with epilepsy may experience seizures that vary in frequency from several weeks to several months apart. Some may have seizures more likely to occur under specific conditions, such as lack of sleep, high stress, or exposure to intense light.; etc.", "Signs": "Before, mood changes, unusual sensations (such as strange tastes or sounds), fear, or gastrointestinal discomfort. During a Seizure: Symptoms can include loss of consciousness, muscle twitching, involuntary movements, cessation of activity, staring, chewing, or fumbling movements. After a Seizure (Postictal Symptoms): Post-seizure confusion, fatigue, headache, muscle pain, or memory loss are common., etc."}, "Non-epileptic Seizure": "Maybe related to specific situations, such as emotional stress or psychological trauma, without prodromal symptoms\nEEG shows normal or no typical epileptic discharges\n", "Epilepsy": "EEG typical epileptiform discharges, such as spikes and slow waves, may be recorded;\nVideo EEG-recorded epileptiform discharges, matching clinical seizure symptoms;\nImaging Studies:\n    MRI: Preferred imaging modality for its ability to reveal subtle structural abnormalities such as cavernomas, cerebellar hypoplasia, or heterotopia, which could underlie epilepsy.\t\n    CT Scan: Often used in emergency settings for rapid identification of large-scale abnormalities like tumors, hemorrhage, or significant brain atrophy, particularly when an MRI is not immediately available.\n"}}