{"diagnostic": {"Suspected Hyperlipidemia": {"Hyperlipidemia": []}}, "knowledge": {"Suspected Hyperlipidemia": {"Risk Factors": "Genetics, Diet, Physical inactivity, Weight, Smoking, Age and gender, Alcohol, medical conditions: Including diabetes, hypertension, kidney diseases, and some liver diseases, can be linked to hyperlipidemia, Certain medications: Including some contraceptives, diuretics, \u03b2-blockers, and steroids, can affect blood lipid levels; etc.", "Symptoms": "Xanthomas, Xanthelasmas, Corneal arcus; etc."}, "Hyperlipidemia": "Total Cholesterol\n    Borderline high: 200-239 mg/dL\n    High: 240 mg/dL and above\nLDL Cholesterol (Low-Density Lipoprotein Cholesterol)\n    Borderline high: 130-159 mg/dL\n    High: 160-189 mg/dL\n    Very high: 190 mg/dL and above\nHDL Cholesterol (High-Density Lipoprotein Cholesterol)\n    Low: Less than 40 mg/dL for men and less than 50 mg/dL for women \n    High: 60 mg/dL and above\nTriglycerides\n    Borderline high: 150-199 mg/dL\n    High: 200-499 mg/dL\n    Very high: 500 mg/dL and above\n"}}