{"diagnostic": {"Suspected Hypertension": {"Hypertension": []}}, "knowledge": {"Suspected Hypertension": {"Risk Factors": "Age, Family history, Race, Being overweight or obese, Unhealthy diet, Lack of physical activity, Smoking and drinking alcohol, Stress, Chronic conditions, Sleep disorders; etc.", "Symptoms": "Headaches, Dizziness or light-headedness, Blurred vision or other visual disturbances, Chest pain, Shortness of breath, Rapid or irregular heartbeat, Tinnitus, Nosebleeds; etc."}, "Hypertension": "an elevation of BP (SBP\u2265140mmHg or DBP\u226590mmHg) confirmed by at least two to three visits is the diagnostic criteria of hypertension\n"}}