{
    "gastro-oesophageal reflux \rdisease$Intermedia_3": {
        "AET: 7.9% > 6% is the gold standard for GERD diagnosis$Cause_1": {
            "Ambulatory reflux monitor:total AET:7.9% on pH-impedance monitoring$Input6": {}
        },
        "suspected gastro-oesophageal reflux \rdisease$Intermedia_2": {
            "Reflux and epigastric pain are typical and atypical symptoms of GERD, respesuspected gastro-oesophageal reflux \rdiseasectively$Cause_1": {
                "Female patient is a very pleasant old female with history of laparoscopic gastric bypass, who presents to the ED with 24 hour history of reflux and epigastric pain.$Input2": {}
            },
            "Abdominal pain is anatypical symptom of GERD.$Cause_1": {
                "Abdominal pain$Input1": {}
            },
            "Severe burning in her throat and epigastric pain are typical and atypical symptoms of GERD, respectively$Cause_1": {
                "Approximately 24 hours ago (2am, she awoke with severe burning in her throat and epigastric pain.$Input2": {}
            }
        }
    },
    "input1": "Abdominal pain\n",
    "input2": "Female patient is a very pleasant old female with history of laparoscopic gastric bypass, who presents to the ED with 24 hour history of reflux and epigastric pain. She reports that she developed reflux symptoms after her surgery, which have been controlled well with pantoprazole for several years. Approximately 24 hours ago (2am, she awoke with severe burning in her throat and epigastric pain. She visited her PCP, who prescribed ranitidine and maalox (in addition to her home pantoprazole), which did not relieve her symptoms. \nShe had 7 loose bowel movements during the day, but has not passed flatus or had a bowel movement for the past 12 hours. She tolerated a small amount of food for dinner. She denies NSAID use or alcohol use. She also denies fevers, chills, nausea, vomiting, melana, or sick contacts.\nShe stopped taking vitamin supplementation years ago (except for vitamin D). \nEndoscopy showed a completely patent GE junction and a patent gastrojejunostomy. \nColonoscopy - recommended repeat\n",
    "input3": "+HTN\n+Obesity\n+Allergic rhinitis\n+Arthritis, \n+Polycystic Kidney\n+G6PD\n+hx T2DM \n+Gastric bypass\n+C/S x 2\n+Lap Chole\n+Foot surgery\n+TVH\n+bladder suspension\n",
    "input4": "NC\n",
    "input5": "Admission PE:\nVitals: B/P ___ Pulse 79 Temp 96.9 Resp 16 O2sat 100% room air\nNAD\nRRR\nCTAB\nAbdomen soft, moderately tender in epigastrium, mildly distended\nSurgical scars well healed\nNo C/C/E\n",
    "input6": "Admission labs:\n10:00PM GLUCOSE-122* UREA N-14 CREAT-0.8 SODIUM-139 POTASSIUM-4.0 CHLORIDE-102 TOTAL CO2-28 ANION GAP-13\n10:00PM estGFR-Using this\n10:00PM ALT(SGPT)-8 AST(SGOT)-17 ALK PHOS-89 TOT BILI-0.2\n10:00PM LIPASE-30\n10:00PM ALBUMIN-4.1\n10:00PM WBC-8.7 RBC-4.20 HGB-11.9* HCT-37.1 MCV-88 MCH-28.3 MCHC-32.0 RDW-14.9\n10:00PM NEUTS-71.0* ___ MONOS-3.6 EOS-1.9 BASOS-0.5\n10:00PM PLT COUNT-218\n09:50PM URINE HOURS-RANDOM\n09:50PM URINE UCG-NEGATIVE\n09:50PM URINE COLOR-Yellow APPEAR-Clear SP ___\n09:50PM URINE BLOOD-NEG NITRITE-NEG PROTEIN-TR GLUCOSE-NEG KETONE-NEG BILIRUBIN-NEG UROBILNGN-NEG PH-7.0 LEUK-SM \n09:50PM URINE RBC-1 WBC-3 BACTERIA-FEW YEAST-NONE EPI-10\nAmbulatory reflux monitor:total AET:7.9% on pH-impedance monitoring\n"
}