{
    "gastro-oesophageal reflux \rdisease$Intermedia_3": {
        "AET: 24.9% > 6% is the gold standard for gastro-oesophageal reflux \rdisease diagnosis$Cause_1": {
            "Her pH testing the same day returned with score of 24.9.$Input2": {}
        },
        "suspected gastro-oesophageal reflux \rdisease$Intermedia_2": {
            "Reflux and heartburn are typical symptoms of gastro-oesophageal reflux \rdisease.She also had atypical symptoms of gastroesophageal reflux disease, including nausea.$Cause_1": {
                "Finally she was given Dexilant with some relief with the heartburn. These symptoms have progressed both in severity and frequency amounting to dysphagia of solid and even liquid foods, odynophagia, esophageal spasms feel like a heart attack, nausea, vomiting, persistent acid regurgitation in mouth causing bad taste and bad breath.$Input2": {}
            },
            "Cough is an atypical symptom of gastro-oesophageal reflux \rdisease$Cause_1": {
                "She is bothered by nocturnal cough.$Input2": {}
            },
            "!Heartburn is a typical symptom of gastro-oesophageal reflux \rdisease.$Cause_1": {
                "She reports the symptoms started years ago with her first pregnancy including heartburn$Input2": {}
            }
        }
    },
    "input1": "heartburn\n",
    "input2": "Ms is a with PMHx notable for extensive smoking history 100 pack year, and 4 cm hiatal hernia noted on recent imaging who is seen in clinic for evaluation for surgical intervention. She reports the symptoms started years ago with her first pregnancy including heartburn, managed with Tums. Then symptoms progressed over the years and she became intolerant of PPIs and H2 blockers causing severe constipation. Finally she was given Dexilant with some relief with the heartburn. These symptoms have progressed both in severity and frequency amounting to dysphagia of solid and even liquid foods, odynophagia, esophageal spasms feel like a heart attack, nausea, vomiting, persistent acid regurgitation in mouth causing bad taste and bad breath. + DOE with bending over and climbing stairs but able to exercise 3 days a week at the gym without shortness of breath. She is bothered by nocturnal cough. She had several EGDs, H-pylori negative in the past and has been diagnosed with Barrett's esophagus. She had esophageal dilation year ago with some brief relief with the dysphagia. She reports she is at her wit's end and wants some relief. Her esophageal manometry testing returned with normal pressure with appropriate relaxation of the with swallows. All the swallows are peristaltic. Her pH testing the same day returned with score of 24.9.\n",
    "input3": "+asthma\n+anxiety\n+esophagitis\n+HLD\n+IBS\n+liver cyst\n+tobacco abuse\n+L thyroid nodule\n+s/p vag hyst/bladder susp\n",
    "input4": "non contributory\n",
    "input5": "BP: 127/74. Heart Rate: 85. O2 Saturation%: 100. Weight: 139.1\n(With Shoes). Temperature: 97.4. Resp. Rate: 16. Pain Score: 0.\nGENERAL        \n[x] WN/WD  [x] NAD  [x] AAO  [ ] abnormal findings:\n\nHEENT          \n[x] NC/AT   [x] EOMI   [x] PERRL/A   [x] Anicteric\n[x] OP/NP mucosa normal     [x] Tongue midline\n[x] Palate symmetric  [x] Neck supple/NT/without mass\n[x] Trachea midline [x] Thyroid nl size/contour\n[ ] Abnormal findings:\n\nRESPIRATORY    \n[x] CTA/P     [x] Excursion normal     [x] No fremitus\n[x] No egophony    [x] No spine/CVAT\n[ ] Abnormal findings:\n\nCARDIOVASCULAR \n[x] RRR    [x] No m/r/g    [x] No JVD   [x] PMI nl  [x] No edema\n[x] Peripheral pulses nl    [x] No abd/carotid bruit\n[ ] Abnormal findings:\n\nGI             \n[x] Soft    [x] NT   [x] ND  [x] No mass/HSM   [x] No hernia\n[ ] Abnormal findings:\n\nGU             [x] Deferred  \n[ ] Nl genitalia    [ ] Nl pelvic/testicular exam    [ ] Nl DRE\n[ ] Abnormal findings:\n\nNEURO          \n[x] Strength intact/symmetric    [x] Sensation intact/ symmetric\n[x] Reflexes nl     [x] No facial asymmetry [x] Cognition intact\n[x] Cranial nerves intact   [ ] Abnormal findings:\n\nMS     \n[x] No clubbing   [x] No cyanosis   [x] No edema   [x] Gait nl\n[x] No tenderness  [x] Tone/align/ROM nl   [x] Palpation nl\n[x] Nails nl   [ ] Abnormal findings:\n\nLYMPH NODES   \n[x] Cervical nl      [x] Supraclavicular nl     [x] Axillary nl\n[x] Inguinal nl   [ ] Abnormal findings:\n\nSKIN           \n[x] No rashes/lesions/ulcers\n[x] No induration/nodules/tightening     [ ] Abnormal findings:\n\nPSYCHIATRIC    \n[x] Nl judgment/insight    [x] Nl memory   [x] Nl mood/affect\n[ ] Abnormal findings:\n",
    "input6": "02:39PM   CALCIUM-8.4 PHOSPHATE-4.8* MAGNESIUM-1.9\n02:39PM   estGFR-Using this\n02:39PM   GLUCOSE-148* UREA N-10 CREAT-1.0 SODIUM-142 POTASSIUM-4.2 CHLORIDE-104 TOTAL CO2-25 ANION GAP-13\n"
}