{
    "gastro-oesophageal reflux \rdisease$Intermedia_3": {
        "Esophagitis\uff08LA grades B\uff09is the gold standard for the diagnosis of gastro-oesophageal reflux \rdisease\r.$Cause_1": {
            "She has had an endoscopy, which shows a hiatal hernia and some esophagitis\uff08LA grades B\uff09.$Input2": {}
        },
        "pH probe, with score of approximately 50 is the gold standard for the diagnosis of gastro-oesophageal reflux \rdisease\r.$Cause_1": {
            "She has a normal motility and a positive pH probe, with score of approximately 50.$Input2": {}
        },
        "suspected gastro-oesophageal reflux \rdisease$Intermedia_2": {
            "Heartburn and regurgitation are the typical symptom of gastro-oesophageal reflux \rdisease\r.$Cause_1": {
                "A woman who has had a history of heartburn and regurgitation.$Input2": {}
            },
            "Cough is an atypical symptom of gastro-oesophageal reflux \rdisease\r.$Cause_1": {
                "She also has significant cough.  She feels that during coughing episodes, she has a lot of stomach contents coming up, which exacerbates the situation.$Input2": {}
            },
            "!Cough is an atypical symptom of gastro-oesophageal reflux \rdisease\r.$Cause_1": {
                "cough$Input3": {}
            }
        }
    },
    "input1": "None\n",
    "input2": "A woman who has had a history of heartburn and regurgitation.  She also has significant cough.  She feels that during coughing episodes, she has a lot of stomach contents coming up, which exacerbates the situation.  She has had an endoscopy, which shows a hiatal hernia and some esophagitis\uff08LA grades B\uff09. She has a normal motility and a positive pH probe, with score of approximately 50.\n",
    "input3": "+cough\n+mild asthma\n+migraines\n+pituitary adenoma \n+hypothyroidism\n+seizure d/o\n",
    "input4": "Family history is negative for coronary disease and cancer.\n",
    "input5": "VS- 97.4  98  130/80  18  93% RA\nGen: NAD, AAOx3\nLungs: CTAB\nCard: RRR\nAbd: soft, appropriately tender, no rebound, dressings c/d/i\nExt: no edema\n",
    "input6": "No labs or studies performed on this admission.\n"
}