{
    "gastro-oesophageal reflux \rdisease$Intermedia_3": {
        "pH impedance monitoring\uff1atotal AET8%>6% is the gold standard for the diagnosis of gastro-oesophageal reflux \rdisease.$Cause_1": {
            "Ph impedance monitoring\uff1atotal AET8%$Input6": {}
        },
        "suspected gastro-oesophageal reflux \rdisease$Intermedia_2": {
            "Heartburn is a typical symptom of gastro-oesophageal reflux \rdisease\r.$Cause_1": {
                "heartburn$Input1": {}
            },
            "pH studies concerning for significant disease is the gold standard for the diagnosis of gastro-oesophageal reflux \rdisease.$Cause_1": {
                "esophageal manometry and pH studies concerning for significant disease.$Input2": {}
            }
        }
    },
    "input1": "heartburn\n",
    "input2": "A woman is with tracheobronchomalacia, with esophageal manometry and pH studies concerning for significant disease. She is being seen this afternoon to discuss management. \nPrior to the GI studies she had to suspend her PPI for 7 days, during which she reports persistent burning chest pain and globus sensation, both of which have resolved with restarting her PPI.\nShe has an intermittently productive cough and is currently\nfinishing a course of antibiotics for a presumed URI.\n",
    "input3": "+multiple asthma exacerbations and hospitalizations\n+pneumonia, including fungal pneumonia, VSD, bicuspid AV, ascending aortic root  +dilation\n+sinus tachycardia\n+shingles\n+migraines\n+hypercholesterolemia\n+arthritis\n+interstitial cystitis\n+left knee replacement\n+left breast lumpectomy\n+right breast lumpectomy\n+uterine sling tooth implant\n+bladder sling,\n+hysterectomy\n+sinus procedure\n+L4-S1 spinal fusion\n",
    "input4": "Mother - benign pituitary tumor\nFather - MI, HTN, DM, COPD, deceased \nSiblings - sister with breast cancer, brother with stroke,\nbrother and sister with colon polyps, sister with thyroiditis\nOffspring\nOther\n",
    "input5": "BP: 116/74. Heart Rate: 82. O2 Saturation%: 96. Weight: 268.\nHeight: 67. BMI: 42.0. Temperature: 97.9. Resp. Rate: 16.\nGENERAL        \n[x] WN/WD  [x] NAD  [x] AAO  [ ] abnormal findings:\n\nHEENT          \n[x] NC/AT   [x] EOMI   [x] PERRL/A   [x] Anicteric\n[x] OP/NP mucosa normal     [x] Tongue midline\n[ ] Palate symmetric  [x] Neck supple/NT/without mass\n[x] Trachea midline [ ] Thyroid nl size/contour\n[ ] Abnormal findings:\n\nRESPIRATORY    \n[x] CTA/P     [x] Excursion normal     [ ] No fremitus\n[ ] No egophony    [ ] No spine/CVAT\n[x] Abnormal findings: cough on deep inspiration, prolonged\nexpiratory effort \n\nCARDIOVASCULAR \n[x] RRR    [x] No m/r/g    [ ] No JVD   [ ] PMI nl  [x] No edema\n[x] Peripheral pulses nl    [ ] No abd/carotid bruit\n[ ] Abnormal findings:\n\nGI             \n[x] Soft    [x] NT   [x] ND  [ ] No mass/HSM   [ ] No hernia\n[ ] Abnormal findings:\n\nGU             [x] Deferred  \n[ ] Nl genitalia    [ ] Nl pelvic/testicular exam    [ ] Nl DRE\n[ ] Abnormal findings:\n\nNEURO          \n[x] Strength intact/symmetric    [ ] Sensation intact/ symmetric\n[ ] Reflexes nl     [ ] No facial asymmetry [x] Cognition intact\n[ ] Cranial nerves intact   [ ] Abnormal findings:\n\nMS           \n[ ] No clubbing   [x] No cyanosis   [x] No edema   [x] Gait nl\n[ ] No tenderness  [ ] Tone/align/ROM nl   [ ] Palpation nl\n[ ] Nails nl   [ ] Abnormal findings:\n\nLYMPH NODES   \n[ ] Cervical nl      [ ] Supraclavicular nl     [ ] Axillary nl\n[ ] Inguinal nl   [ ] Abnormal findings:\n\nSKIN           \n[x] No rashes/lesions/ulcers\n[ ] No induration/nodules/tightening     [ ] Abnormal findings:\n\nPSYCHIATRIC    \n[x] Nl judgment/insight    [ ] Nl memory   [x] Nl mood/affect\n[ ] Abnormal findings:\n",
    "input6": "04:22PM   WBC-9.8 RBC-4.35 HGB-12.6 HCT-38.5 MCV-89 \nMCH-29.0 MCHC-32.7 RDW-15.0 RDWSD-47.5*\n04:22PM   PLT COUNT-309\n04:22PM   GLUCOSE-138* UREA N-12 CREAT-0.7 SODIUM-137 \nPOTASSIUM-4.3 CHLORIDE-100 TOTAL CO2-23 ANION GAP-18\n\nBa swallow :\nNo evidence of leak. Hold up of small amount of contrast at the distal esophagus.\npH impedance monitoring\uff1atotal AET8%\n"
}