{
    "Bacterial Pneumonia$Intermedia_4": {
        "Typical signs of bacterial infection in sputum samples$Cause_1": {
            "<10 PMNs and >10 epithelial cells/100X field.$Input6": {}
        },
        "Indicates possible infectious lesions, especially microbial infections.$Cause_1": {
            "Multifocal ground-glass opacities, concerning for infection$Input6": {}
        },
        "Pneumonia$Intermedia_3": {
            "Direct diagnosis of pneumonia by chest X-ray$Cause_1": {
                "CXR showed a RLL pneumonia$Input2": {}
            },
            "Suspected Pneumonia$Intermedia_2": {
                "These are common symptoms of pneumonia, especially with fever and general malaise during infection.$Cause_1": {
                    "malaise and fever.$Input2": {}
                },
                "Fatigue and difficulty breathing may indicate a lung infection, especially if associated with pneumonia.$Cause_1": {
                    "feeling very tired, with some minimal cough and mild dyspnea$Input2": {}
                },
                "A persistent high fever is a sign of worsening pneumonia$Cause_1": {
                    "new fever up to 101.4$Input2": {}
                },
                "A mild cough may be a sign of ongoing lung inflammation$Cause_1": {
                    "minimal cough$Input2": {}
                }
            }
        }
    },
    "input1": "None\n",
    "input2": "___ woman with AML, s/p SCT ___ years ago, presents with \nmalaise and fever. About 5 days ago, patient started feeling very tired, with some minimal cough and mild dyspnea, but no fever. On ___ she was seen ___ clinic by Dr. ___ CXR showed a RLL pneumonia. She received 1 dose of ceftriaxone ___ clinic and was sent home with azithromycin. On ___ she reported feeling more tired and developed new fever up to 101.4 at home. Again with minimal cough, no chest pain, no diarrhea or dysuria. No sick contact. No recent travel. She was advised to come to the ED.\n.\n___ the ED, T 99.6 then 101.4, HR 110, BP 146/66, RR 17, 99%RA. \n.\nReview of Systems:  \n(+) Per HPI  \n(-) Denies night sweats, recent weight loss or gain. Denies \nblurry vision, diplopia, loss of vision, photophobia. Denies headache, sinus tenderness, rhinorrhea or congestion. Denies chest pain or tightness, palpitations, lower extremity edema. Denies nausea, vomiting, diarrhea, constipation, abdominal pain, melena, hematemesis, hematochezia. Denies dysuria, stool or urine incontinence. Denies arthralgias or myalgias. Denies rashes or skin breakdown. No numbness/tingling ___ extremities. All other systems negative.\n",
    "input3": "Breast cancer\nHand warts: Status post cryosurgery  \n- Diabetes mellitus: on glyburide, followed by ___    \n- Herpes zoster of the left neck ___ ___.  \n- Postmenopausal bleeding: Evaluated Dr. ___ with negative \nworkup ___ ___.  \n- Gastritis with H. pylori positive: Treated with antibiotics ___ \n- E. coli bacteremia ___  \n- Hx BK viremia, and BK virus ___ urine (___)  \n- Posterior Vitreous Detachment\n",
    "input4": "(from ___) Father died at age ___ from stomach or intestinal cancer.  Mother died at age ___ of stomach cancer.\n",
    "input5": "GEN: Elderly woman ___ NAD, awake, alert  \nHEENT: EOMI, sclera anicteric, conjunctivae clear, OP moist and without lesion\nNECK: Supple, no JVD  \nCV: Reg rate, normal S1, S2. No m/r/g.   \nCHEST: Resp unlabored, no accessory muscle use. CTAB, no \ncrackles, wheezes or rhonchi.  \nABD: Soft, NT, ND, no HSM, bowel sounds present\nMSK: normal muscle tone and bulk\nEXT: No c/c/e, 2+ ___ bilaterally\nSKIN: No rash, warm skin\nNEURO: oriented x 3, normal attention, CN II-XII intact, ___ strength throughout, intact s\n",
    "input6": "___ 11:59AM BLOOD WBC-8.6 RBC-3.73* Hgb-12.0 Hct-33.8* \nMCV-91 MCH-32.1* MCHC-35.4* RDW-12.9 Plt ___\n___ 05:52AM BLOOD WBC-7.5 RBC-3.78* Hgb-11.9* Hct-34.3* \nMCV-91 MCH-31.4 MCHC-34.6 RDW-12.6 Plt ___\n___ 12:45AM BLOOD WBC-7.7 RBC-3.59* Hgb-11.6* Hct-32.4* \nMCV-90 MCH-32.3* MCHC-35.8* RDW-12.5 Plt ___\n___ 06:00AM BLOOD WBC-5.7 RBC-3.67* Hgb-11.5* Hct-33.1* \nMCV-90 MCH-31.3 MCHC-34.7 RDW-12.7 Plt ___\n___ 11:59AM BLOOD Neuts-63.2 ___ Monos-6.1 Eos-3.0 \nBaso-0.6\n___ 12:45AM BLOOD Neuts-65.7 ___ Monos-7.6 Eos-2.7 \nBaso-0.5\n.\n___ 11:59AM BLOOD Glucose-132* UreaN-17 Creat-0.7 Na-136 \nK-3.9 Cl-98 HCO3-27 AnGap-15\n___ 05:52AM BLOOD Glucose-126* UreaN-14 Creat-0.6 Na-136 \nK-3.6 Cl-99 HCO3-26 AnGap-15\n___ 12:45AM BLOOD Glucose-170* UreaN-9 Creat-0.6 Na-135 \nK-3.4 Cl-98 HCO3-27 AnGap-13\n___ 06:00AM BLOOD Glucose-150* UreaN-12 Creat-0.6 Na-134 \nK-3.7 Cl-97 HCO3-27 AnGap-14\n.\n___ 05:52AM BLOOD LD(LDH)-202\n___ 05:52AM BLOOD Calcium-8.6 Phos-3.3 Mg-2.0\n___ 12:45AM BLOOD Calcium-8.7 Phos-2.9 Mg-2.0\n___ 06:00AM BLOOD Calcium-8.7 Phos-3.6 Mg-2.1\n___ 05:52AM BLOOD Vanco-9.6*\n.\n___ 02:59PM URINE Color-Yellow Appear-Clear Sp ___\n___ 02:59PM URINE Blood-SM Nitrite-NEG Protein-NEG \nGlucose->1000 Ketone-NEG Bilirub-NEG Urobiln-0.2 pH-8.5* \nLeuks-NEG\n___ 02:59PM URINE RBC-2 WBC-<1 Bacteri-FEW Yeast-NONE \nEpi-<1\n\nMICRO\n___ 2:59 pm URINE      Source: ___. \n\n                            **FINAL REPORT ___\n\n   URINE CULTURE (Final ___:    NO GROWTH. \n\n___ 5:09 pm SPUTUM      Source: Induced. \n\n                            **FINAL REPORT ___\n\n   GRAM STAIN (Final ___: \n      <10 PMNs and >10 epithelial cells/100X field. \n      Gram stain indicates extensive contamination with upper respiratory secretions. Bacterial culture results are invalid. \n      PLEASE SUBMIT ANOTHER SPECIMEN. \n\n   RESPIRATORY CULTURE (Final ___: \n      TEST CANCELLED, PATIENT CREDITED. \n\n   Immunoflourescent test for Pneumocystis jirovecii (carinii) \n(Final\n      ___:    NEGATIVE for Pneumocystis jirovecii \n(carinii).. \n\n___ 10:58 am URINE      Source: ___. \n\n                            **FINAL REPORT ___\n\n   Legionella Urinary Antigen  (Final ___: \n      NEGATIVE FOR LEGIONELLA SEROGROUP 1 ANTIGEN. \n           (Reference Range-Negative). \n      Performed by Immunochromogenic assay. \n      A negative result does not rule out infection due to other \nL.\n      pneumophila serogroups or other Legionella species. \nFurthermore, ___\n      infected patients the excretion of antigen ___ urine may \nvary. \n\n___ 6:31 pm SPUTUM      Source: Induced. \n\n   GRAM STAIN (Final ___: \n      <10 PMNs and <10 epithelial cells/100X field. \n      1+    (<1 per 1000X FIELD):   GRAM POSITIVE COCCI. \n                                    ___ PAIRS AND CLUSTERS. \n      QUALITY OF SPECIMEN CANNOT BE ASSESSED. \n\n   RESPIRATORY CULTURE (Preliminary):    RESULTS PENDING. \n\n   Immunoflourescent test for Pneumocystis jirovecii (carinii) \n(Final\n      ___:    NEGATIVE for Pneumocystis jirovecii \n(carinii).. \n\nChest Xray\nFrontal and lateral views of the chest demonstrate a stable \nright apical opacity consistent with post-radiation therapy change. Streaky bibasilar opacities ___ perivascular distribution appear stable as compared to ___. No pneumothorax or vascular congestion. Stable cardiomediastinal silhouette.   \nIMPRESSION: No significant interval change since ___. \n\nCT chest\nIMPRESSION: \n1. Multifocal ground-glass opacities, concerning for infection, which may be an atypical microorganism. No pleural effusions. \n2. Stable calcified mediastinal and hilar lymph nodes with new 8-mm prevascular lymph node, which may be reactive.   \n3. Stable bronchiectasis and post-radiation changes ___ the right upper lobe.   \n4. Stable post-surgical changes ___ both breasts.\n"
}