{
    "Severe COPD$Intermedia_4": {
        "30% \u2264 FEV1 < 50% confirm Severe COPD$Cause_1": {
            "FEV1 42%$Input6": {}
        },
        "COPD$Intermedia_3": {
            "FEV1/FVC < 0.70 confirms the presence of persistent airflow limitation. It is a criteria of COPD$Cause_1": {
                "Post-bronchodilator FEV1/FVC = 0.40.$Input6": {}
            },
            "Suspected COPD$Intermedia_2": {
                "SOB is the common symptom of COPD$Cause_1": {
                    "Shortness of Breath$Input1": {}
                },
                "Smoking is one of the main risk factors for COPD and can lead to a gradual decline in lung function.$Cause_1": {
                    "tobacoo use$Input2": {}
                },
                "This is a pathological condition that may aggravate breathing difficulties. Tracheal narrowing can affect air circulation and aggravate respiratory symptoms.$Cause_1": {
                    "tracheal stenosis$Input2": {}
                },
                "Chest tightness and shortness of breath are common symptoms of COPD exacerbations$Cause_1": {
                    "chest tightness and SOB$Input2": {}
                },
                "Cough and sputum are classic symptoms of COPD, and white sputum may indicate noninfectious inflammation.$Cause_1": {
                    "cough with white sputum$Input2": {}
                },
                "A person has a history of multiple hospital admissions for COPD exacerbations, which suggests that their COPD may be unstable or poorly managed.$Cause_1": {
                    "admitted several times for COPD exacerbations$Input2": {}
                },
                "Airflow limitation and end-expiratory wheezing are classic symptoms of COPD, indicating airway narrowing and obstruction.$Cause_1": {
                    "poor air movement with some end-expiratory wheezes, no rales$Input5": {}
                }
            }
        }
    },
    "input1": "Shortness of Breath\n",
    "input2": "tobacoo use, tracheal stenosis who presents with chest tightness and SOB which started(3 days PTA) and worsened over the course of 3 days.  Pt denies fevers or chills, has cough with white sputum.  Pt has been admitted several times for COPD exacerbations after tapering prednisone dose.  At home, was on liquid prednisolone approximately 30mg dose.  He has been on chronic steroids for several years.  He has also had a runny nose.\n",
    "input3": "+ Anxiety\n+ LLL nodule\n+ S/p cholecystectomy\n+ Partial liver resection\n+ Gastritis\n+ Dysphagia\n",
    "input4": "No family hx lung or heart disease.\n",
    "input5": "Physical exam:  \nVS:  T96.4, 149/98, P89, R22, 94% RA\nGen:  cushingoid-appearance, appears well, able to carry on \nconversation, NAD\nHEENT:  PERRLA, OP clear, neck supple, no JVD, no LAD\nCV:  distant heart sounds, RRR, nl s1/s2, no murmur\nPulm:  poor air movement with some end-expiratory wheezes, no rales\nAbd:  soft, non-tender, non-distended, no masses\nExt:  no edema, no clubbing\nNeuro:  grossly intact\n",
    "input6": "03:50AM BLOOD WBC-10.1 RBC-5.66 Hgb-16.8# Hct-49.5 MCV-87 MCH-29.6 MCHC-33.9 RDW-13.6\n03:50AM BLOOD Glucose-95 UreaN-15 Creat-1.3* Na-140 K-4.4 Cl-103 HCO3-22 AnGap-19\n03:50AM BLOOD WBC-10.1 RBC-5.66 Hgb-16.8# Hct-49.5 MCV-87 MCH-29.6 MCHC-33.9 RDW-13.6\n_05:50AM BLOOD Glucose-125* UreaN-18 Creat-1.1 Na-141 K-3.9 Cl-105 HCO3-25 AnGap-15\n05:50AM BLOOD Neuts-87.1* Lymphs-6.2* Monos-5.3 Eos-0.2 \nBaso-0.0\nRadiology Report CHEST (PA & LAT) Study Date 11:29 AM\n\nPost-bronchodilator FEV1/FVC = 0.40.\nFEV1 42%\n"
}