{
    "Primary Progressive Multiple Sclerosis$Intermedia_4": {
        "Disease progression from onset without distinct relapses, which confirm Primary Progressive Multiple Sclerosis$Cause_1": {
            "She described his condition as getting worse over the past year, with no improvement.$Input2": {}
        },
        "Multiple Sclerosis$Intermedia_3": {
            "Multiple T2 lesions and enhancing lesions found in MRI examinations are one of the diagnostic bases for MS.$Cause_1": {
                "MRI of her C-spine showed multiple T2 lesions: 1 at C1, 1 at C3, and smaller ones at C4, C5, & C6. The C1 and C3 lesions are enhancing. Her brain MRI similarly showed 2 periventricular T2 lesions, 1 subcortical lesion, and 3 infratentorial lesions, none of which enhanced$Input2": {}
            },
            "Suspected Multiple Sclerosis$Intermedia_2": {
                "Gait difficulty is one of the common symptoms of MS. Multiple sclerosis can cause damage to nerve fibers in the central nervous system, affecting muscle control and coordination, thus causing gait difficulty.$Cause_1": {
                    "Gait difficulty$Input1": {}
                },
                "This section describes the patient's difficulty walking, stiffness, and leg tremors, which are common symptoms of multiple sclerosis.$Cause_1": {
                    "progressive difficulty walking, with stiffness and \"shaking\" of her legs (clonus), left more than right$Input2": {}
                },
                "Urinary retention is also a possible symptom of MS.$Cause_1": {
                    "mild urinary hesitation$Input2": {}
                },
                "Paresthesias in the hands and feet are also symptoms of MS.$Cause_1": {
                    "paresthesias in her palms and feet, L > R$Input2": {}
                },
                "Gait is affected by spasticity and clonus and is treated with IV methylprednisone, which is one of the treatments for MS$Cause_1": {
                    "Her gait is impaired by her spasticity and clonus$Input2": {}
                },
                "Blurred vision is one of the symptoms of MS$Cause_1": {
                    "hazy vision$Input2": {}
                },
                "Limb stiffness, especially in the lower limbs, more on the right side, may be a manifestation of multiple sclerosis.$Cause_1": {
                    "pasticity in LEs, R > L$Input5": {}
                },
                "Decreased sensation to light touch in the left big toe, a common paresthesia in people with multiple sclerosis$Cause_1": {
                    "Reports subjective decreased light touch over left great toe$Input5": {}
                },
                "Bilateral ankle clonus, a manifestation of neurological damage, may be related to multiple sclerosis$Cause_1": {
                    "Bilateral clonus at ankles.$Input5": {}
                },
                "Bilateral positive Babinski reflexes indicate central nervous system disease$Cause_1": {
                    "Plantar response was extensor bilaterally.$Input5": {}
                },
                "Gait abnormalities, including a slightly wide base, short stride, decreased arm swing, inability to walk side by side, and a weakly positive Romberg test, are potential signs of neurologic impairment$Cause_1": {
                    "Slightly wide-based, short stride, reduced arm swing. Walks on heels with toes up. Unable to walk in tandem. Romberg weakly positive.$Input5": {}
                }
            }
        }
    },
    "input1": "Gait difficulty\n",
    "input2": "She is a left-handed woman who presents with difficulty walking. She began having trouble, when she fell as a result of her ankle \"giving out.\" She is uncertain if this was a loss of strength, balance, or if she just stepped wrong. She had a severe sprain, and was seen in Orthopedic surgery. She was given a CAM walker. Since then, she has had progressive difficulty walking, with stiffness and \"shaking\" of her legs (clonus), left more than right. She has also had mild urinary hesitation a couple of times, though none recently. She has had paresthesias in her palms and feet, L > R. She described his condition as getting worse over the past year, with no improvement.\n\ufeff\nShe was diagnosed with a myelopathy. MRI of her C-spine showed multiple T2 lesions: 1 at C1, 1 at C3, and smaller ones at C4, C5, & C6. The C1 and C3 lesions are enhancing. Her brain MRI similarly showed 2 periventricular T2 lesions, 1 subcortical lesion, and 3 infratentorial lesions, none of which enhanced. \n\ufeff\nHer gait is impaired by her spasticity and clonus, she is being admitted for IV methylprednisolone treatment.\n\ufeff\nToday on neurologic ROS, she reported some hazy vision but denied headache, loss of vision, diplopia, dysarthria, dysphagia, lightheadedness, vertigo, tinnitus or hearing difficulty. Denied difficulties producing or comprehending speech. No bowel or bladder incontinence.\n\ufeff\nOn general review of systems, she denied recent fever or chills. No night sweats or recent weight loss or gain. Denied cough, shortness of breath.  Denied chest pain or tightness, palpitations.  Denied nausea, vomiting, diarrhea, constipation or abdominal pain.  No recent change in bowel or bladder habits. No dysuria.  Denied arthralgias or myalgias. Denied rash.\n\ufeff\n",
    "input3": "None\n",
    "input4": "Father with bipolar disease. No neurologic or autoimmune disease in family.\n",
    "input5": "Physical Exam:\nVitals: T: 98.8 P: 82 R: 16 BP: 110/78 SaO2: 99%RA \nGeneral: Awake, cooperative, NAD. \nHEENT: NC/AT, no scleral icterus noted, MMM, no lesions noted in oropharynx \nNeck: Supple, no carotid bruits appreciated. No nuchal rigidity \nPulmonary: Lungs CTA bilaterally without R/R/W \nCardiac: RRR, nl. S1S2, no M/R/G noted \nAbdomen: soft, NT/ND, normoactive bowel sounds, no masses or organomegaly noted. \nExtremities: No C/C/E bilaterally, 2+ radial, DP pulses bilaterally. \nSkin: no rashes or lesions noted. \n\ufeff\nNeurologic: \n-Mental Status: Alert, oriented x 3.  Able to relate history without difficulty.  Attentive, able to name backward without difficulty.  Language is fluent with intact repetition and comprehension.  Normal prosody.  There were no paraphasic errors. Pt. was able to name both high and low frequency objects. Speech was not dysarthric. Able to follow both midline and appendicularcommands. Pt. was able to register 3 objects and recall at 5 minutes.  The pt. had good knowledge of current events.  There was no evidence of apraxia or neglect. \n\ufeff\n  \n-Cranial Nerves: \nI: Olfaction not tested.  \nII: PERRL 7 to 3mm and brisk.  VFF to confrontation. Funduscopic exam revealed no papilledema, exudates, or hemorrhages. \nIII, IV, VI: EOMI without nystagmus.  Normal saccades. \nV: Facial sensation intact to light touch. \nVII: No facial droop, facial musculature symmetric. \nVIII: Hearing intact to finger-rub bilaterally.  \nIX, X: Palate elevates symmetrically.  \nXI: strength in trapezii and SCM bilaterally. \nXII: Tongue protrudes in midline.\n\ufeff\n-Motor: Spasticity in LEs, R > L. Normal bulk throughout. No pronator drift bilaterally. No adventitious movements noted. No asterixis noted. \n\ufeff\nDelt Bic Tri WrE FFl FE IO IP Quad Ham TA ___ \nL  5    5    5  5    ___ 5-   ___    5     4   4 \nR  5    5    5  5    ___ 5    5   4+  5    5     4   4 \n\ufeff\n-Sensory: Reports subjective decreased light touch over left great toe. No other deficits to light touch. No deficits to pinprick, cold sensation, vibratory sense, proprioception throughout. No extinction to DSS. \n\ufeff\n-DTRs: \nBi Tri ___ Pat Ach \nL  ___    4   4 \nR  ___    4   4 \nBilateral clonus at ankles.\n\ufeff\nPlantar response was extensor bilaterally. \n\ufeff\n-Coordination: No intention tremor, no dysdiadochokinesia noted. \nNo dysmetria on FNF or HKS bilaterally. \n\ufeff\n-Gait: Good initiation. Slightly wide-based, short stride, reduced arm swing. Walks on heels with toes up. Unable to walk in tandem. Romberg weakly positive. \n\ufeff\n",
    "input6": "___ 02:00PM   LUPUS-NEG\n___ 02:00PM   SED RATE-15\n___ 02:00PM   PTT-28.6\n___ 02:00PM   WBC-13.4* RBC-4.54 HGB-13.0 HCT-39.8 MCV-88 MCH-28.6 MCHC-32.6 RDW-12.9\n___ 02:00PM   NEUTS-75.7* MONOS-4.2 EOS-1.6 BASOS-0.2\n___ 02:00PM   PLT COUNT-368\n___ 02:00PM   HIV Ab-NEGATIVE\n___ 02:00PM   PEP-NO SPECIFI\n___ 02:00PM   CRP-3.6\n___ 02:00PM   ___\n___ 02:00PM   TSH-1.5\n___ 02:00PM   UREA N-12 CREAT-0.8 SODIUM-144 POTASSIUM-3.9 CHLORIDE-106\n___ 02:00PM   TOT PROT-7.6 ALBUMIN-4.6 GLOBULIN-3.0\n___ 02:00PM   TSH-1.5\n___ 09:06PM URINE  COLOR-Yellow APPEAR-Clear\n___ 09:06PM URINE  BLOOD-LG NITRITE-NEG PROTEIN-NEG GLUCOSE-NEG KETONE-NEG BILIRUBIN-NEG UROBILNGN-NEG PH-5.0 LEUK-NEG\n___ 09:06PM URINE  RBC-189* WBC-1 BACTERIA-FEW YEAST-NONE EPI-1\n___ 09:06PM URINE  MUCOUS-RARE\n\ufeff\n<br>\nReports:\nCXR: \nIMPRESSION: PA and lateral chest reviewed in the absence of prior chest radiographs:\nNormal heart, lungs, hila, mediastinum and pleural surfaces.\n\ufeff\n"
}