{
    "Acute gastritis$Intermedia_3": {
        "Lesions of erosion and hemorrhage in theantrum on endoscopy are the gold standard for the diagnosis of acute gastritis\r.$Cause_1": {
            "Endoscopy:\nesophageal:normal\nstomach:\n\nduodenum:normal$Input6": {}
        },
        "suspected gastritis$Intermedia_2": {
            "Stress and alcohol are the common cause in patients with gastritis.$Cause_1": {
                "he has been very stressed at work about a possible upcoming inspection so he has been having 8 beers daily.$Input2": {}
            },
            "Abdominal pain is a symptom that may occur in patients with gastritis.$Cause_1": {
                "Yesterday morning he had onset of severe abdominal pain radiating through to his back.$Input2": {}
            },
            "Surgery is a common cause in patients with gastritis.$Cause_1": {
                "First episode of pancreatitis and spent 23 days in ICU in PR and gotplamapheresis Second episode of pancreatitis in third week for which he was hospitalized for 4 days and he felt well after.$Input3": {}
            },
            "!Abdominal pain is a symptom that may occur in patients with gastritis.$Cause_1": {
                "Abdominal pain$Input1": {}
            },
            "Nausea and vomiting are symptoms that may occur in patients with gastritis.$Cause_1": {
                "Also experiencing nausea and vomiting with no blood or material and a \nas well as diarrhea with no black or bloody aspect.$Input2": {}
            }
        }
    },
    "input1": "Abdominal pain\n",
    "input2": "___ with hx hypertriglyceridemia, HLD and pancreatitis presenting with abdominal pain. He normally does not drink hard liquor because of his past pancreatitis but 2 days ago had a drink. Of note he has been very stressed at work about a possible upcoming inspection so he has been having 8 beers daily.  He also had soup with hot sauce on it. Yesterday morning he had onset of severe abdominal pain radiating through to his back. He went to ED last night where he reports that his pancreas numbers were normal but his liver enzymes were elevated. They did an ultrasound which was reported to him as normal. He was prescribed Bentyl and discharged without ever speaking to an M.D. per patient. Since then his pain has persisted and he has not taken anything for it. Also experiencing nausea and vomiting with no blood or material and a \nas well as diarrhea with no black or bloody aspect. No fever or chills.\n\nPatient stopped crestor yesterday as PCP was worried it was contributing to LFT abnormalities\n\nIn ER: (Triage Vitals:10 |76 |151/97 |16 |97% RA ) \nMeds and IVF given:\n/___ 15:37 IV Morphine Sulfate 4 mg ___  \n___ 15:37 IV Ondansetron 4 mg ___  \n___ 15:37 IVF 1000 mL NS 1000 mL ___  \n___ 16:29 IV Morphine Sulfate 4 mg ___  \n___ 18:35 IVF 1000 mL NS 1000 mL ___  \n___ 18:35 IV HYDROmorphone (Dilaudid) .5 mg ___ \n \n___ 21:34 IV HYDROmorphone (Dilaudid) .5 mg ___  \n___ 23:47 IV HYDROmorphone (Dilaudid) .5 mg ___  \n___ 01:52 IV HYDROmorphone (Dilaudid) .5 mg ___  \n___ 01:52 IVF 1000 mL ___  ___ Started 100 mL/hr \n___ 03:06 PO/NG Enalapril Maleate 5 mg ___  \n___ 03:06 PO Pantoprazole 40 mg ___  \n\n[___] Labs - mild LFT elevation\n[x] US\n[x] IVF/pain/nausea control. He had significant abdominal pain and thus he had a CT scan performed which demonstrated:- \"Encapsulated fluid collections in peripancreatic region and bilateral retroperitoneum are consistent with walled off necrosis\"\n[ x] ACS consult --> no surgical management, abx deferred at this time\n- NPO\n- mIVF\n\nDispo:\n- admit to medicine for further management of walled off necrosis, pain control\n- consider starting gemfibrozil 600mg BID for hypertriglyceridemia\n\nPAIN SCALE: ___ diffuse generalized abdominal pain\nCONSTITUTIONAL:  As per HPI\nHEENT:  [X] All normal\nRESPIRATORY:  [X] All normal\nCARDIAC:  [X] All normal\nGI:  [+] diarrhea with yellow stools -started two days ago, the same time as the pain\nGU:  [X] All normal\nSKIN:  [X] All normal\nMUSCULOSKELETAL:  [X] All normal\nNEURO:  [X] All normal\nENDOCRINE:  [X] All normal\nHEME/LYMPH:  [X]  All normal\nPSYCH:  [X] All normal\nAll other systems negative except as noted aboveREVIEW OF\n",
    "input3": "-ACUTE PANCREATITIS\n-First episode of pancreatitis and spent 23 days in ICU in PR and gotplamapheresis Second episode of pancreatitis in third week for which he was hospitalized for 4 days and he felt well after.\n-TREMOR\n-ANXIETY\n-ABDOMINAL PAIN\n-EXERTIONAL DYSPNEA\n-SHORTNESS OF BREATH\n",
    "input4": "MotherMYOCARDIAL INFARCTION \nHYPERCHOLESTEROLEMIA\nMGMMYOCARDIAL INFARCTION\nHYPERCHOLESTEROLEMIA\n\nAuntMYOCARDIAL INFARCTION\nHYPERCHOLESTEROLEMIA\n",
    "input5": "ADMISSION EXAM\nVitals: 98.0 PO 150 / 93 66 18 100 RA \nCONS: non-toxic but appears uncomfortable \nHEENT: ncat anicteric MMM    \nCV: s1s2 rr no m/r/g  \nRESP: b/l ae no w/c/r  \nGI: +bs, soft, + tenderness in all four quadrant without rebound or guarding \nMSK:no c/c/e 2+pulses  \nSKIN: multiple tatoos\nNEURO: face symmetric speech fluent  \nPSYCH: calm, cooperative\n",
    "input6": "Admission Labs:\n___ 02:50PM BLOOD WBC-3.8*# RBC-4.31* Hgb-13.8 Hct-40.9 MCV-95# MCH-32.0 MCHC-33.7 RDW-13.4 RDWSD-47.6* Plt ___\n___ 02:50PM BLOOD Neuts-48.6 ___ Monos-7.4 Eos-3.7 Baso-1.3* Im ___ AbsNeut-1.85# AbsLymp-1.47 AbsMono-0.28 AbsEos-0.14 AbsBaso-0.05\n___ 02:50PM BLOOD Glucose-95 UreaN-10 Creat-0.8 Na-136 K-4.6 Cl-104 HCO3-23 AnGap-14\n___ 02:50PM BLOOD ALT-109* AST-119* AlkPhos-54 TotBili-0.5\n___ 02:50PM BLOOD Lipase-17\n___ 02:50PM BLOOD cTropnT-<0.01\n___ 02:50PM BLOOD Albumin-4.2\n___ 02:50PM BLOOD Triglyc-1513*\n\nRUQ U/S - IMPRESSION:   \n1. Echogenic liver consistent with steatosis. Other forms of liver disease including steatohepatitis, hepatic fibrosis, or cirrhosis cannot be excluded on the basis of this examination. \n2. Normal gallbladder without cholelithiasis. \n\nCT A/P - IMPRESSION: \n1. Multiple encapsulated slightly complex fluid collections in the peripancreatic region and bilateral retroperitoneum likely reflect areas of walled off necrosis. \n2. Pancreas demonstrates mild atrophy but otherwise homogeneous attenuation without peripancreatic stranding to suggest acute pancreatitis. \n3. Hepatic steatosis.\nEndoscopy:\nesophageal:normal\nstomach:\nLesions of erosion and hemorrhage in the antrum\nduodenum:normal\n"
}