{
    "Type I diabetes$Intermedia_4": {
        "GADA antibodies are positive in most patients with type I diabetes.$Cause_1": {
            "GADA test result is positive$Input6": {}
        },
        "Diabetes$Intermedia_3": {
            "Abnormal blood glucose is a diagnostic criteria of diabetes.$Cause_1": {
                "BLOOD Glucose-267$Input6": {}
            },
            "Suspected Diabetes$Intermedia_2": {
                "frequent urination is a symptom of diabetes.$Cause_1": {
                    "+frequent urination.$Input2": {}
                }
            }
        }
    },
    "input1": "fetal deceleration\n",
    "input2": "Sent for prolonged monitoring due to 2 min fetal HR deceleration in office today. Pt has been having intermittent contractions, getting worse over last several days. Denies VB or LOF. +AFM.\n +frequent urination.\n",
    "input3": "+Labs: A+/Ab-/HBsAg-/RPRNR/RI/HIV-/GBS+urine\n+Screening: LR ERA, Hg electro c/w alpha thal trait\n+FFS: WNL, posterior placenta, GIRL!\n+EFW: 63%ile, AC 90%ile\n+SVD female 6#9\n+G2 current\n+GynHx: ASCUS, HPV pos, colpo nl. chronic BV/yeast. Remote h/o chlamydia.\n",
    "input4": "non-contributory\n",
    "input5": "None\n",
    "input6": "___ 06:11AM BLOOD Hct-22.9*#\n___ 06:29PM BLOOD WBC-13.2* RBC-4.52 Hgb-10.5* Hct-31.6* MCV-70* MCH-23.2* MCHC-33.2 RDW-15.3 RDWSD-37.8\n___ 06:29PM BLOOD Glucose-267* UreaN-10 Creat-0.6 Na-133 K-4.1 Cl-99 HCO3-21* AnGap-17\n___ 06:29PM GADA test result is positive\n"
}